team_id,team_name,team_crest_pic,team_data_url,league_id,league_name,league_nation,league_logo_pic
0,AFC Bournemouth,https://tmssl.akamaized.net//images/wappen/tiny/989.png?lm=1457991811,https://www.transfermarkt.com/afc-bournemouth/startseite/verein/989/saison_id/2023,0,Premier League,England,https://tmssl.akamaized.net/images/logo/header/gb1.png?lm=1521104656
1,Arsenal FC,https://tmssl.akamaized.net//images/wappen/tiny/11.png?lm=1489787850,https://www.transfermarkt.com/fc-arsenal/startseite/verein/11/saison_id/2023,0,Premier League,England,https://tmssl.akamaized.net/images/logo/header/gb1.png?lm=1521104656
2,Aston Villa,https://tmssl.akamaized.net//images/wappen/tiny/405_1717155946.png?lm=1717155946,https://www.transfermarkt.com/aston-villa/startseite/verein/405/saison_id/2023,0,Premier League,England,https://tmssl.akamaized.net/images/logo/header/gb1.png?lm=1521104656
3,Brentford FC,https://tmssl.akamaized.net//images/wappen/tiny/1148.png?lm=1625150543,https://www.transfermarkt.com/fc-brentford/startseite/verein/1148/saison_id/2023,0,Premier League,England,https://tmssl.akamaized.net/images/logo/header/gb1.png?lm=1521104656
4,Brighton & Hove Albion,https://tmssl.akamaized.net//images/wappen/tiny/1237.png?lm=1492718902,https://www.transfermarkt.com/brighton-amp-hove-albion/startseite/verein/1237/saison_id/2023,0,Premier League,England,https://tmssl.akamaized.net/images/logo/header/gb1.png?lm=1521104656
5,Chelsea FC,https://tmssl.akamaized.net//images/wappen/tiny/631.png?lm=1682435911,https://www.transfermarkt.com/fc-chelsea/startseite/verein/631/saison_id/2023,0,Premier League,England,https://tmssl.akamaized.net/images/logo/header/gb1.png?lm=1521104656
6,Crystal Palace,https://tmssl.akamaized.net//images/wappen/tiny/873.png?lm=1457723287,https://www.transfermarkt.com/crystal-palace/startseite/verein/873/saison_id/2023,0,Premier League,England,https://tmssl.akamaized.net/images/logo/header/gb1.png?lm=1521104656
7,Everton FC,https://tmssl.akamaized.net//images/wappen/tiny/29.png?lm=1445949846,https://www.transfermarkt.com/fc-everton/startseite/verein/29/saison_id/2023,0,Premier League,England,https://tmssl.akamaized.net/images/logo/header/gb1.png?lm=1521104656
8,Fulham FC,https://tmssl.akamaized.net//images/wappen/tiny/931.png?lm=1556831687,https://www.transfermarkt.com/fc-fulham/startseite/verein/931/saison_id/2023,0,Premier League,England,https://tmssl.akamaized.net/images/logo/header/gb1.png?lm=1521104656
9,Ipswich Town,https://tmssl.akamaized.net//images/wappen/tiny/677.png?lm=1407655249,https://www.transfermarkt.com/ipswich-town/startseite/verein/677/saison_id/2023,0,Premier League,England,https://tmssl.akamaized.net/images/logo/header/gb1.png?lm=1521104656
10,Leicester City,https://tmssl.akamaized.net//images/wappen/tiny/1003.png?lm=1472229265,https://www.transfermarkt.com/leicester-city/startseite/verein/1003/saison_id/2023,0,Premier League,England,https://tmssl.akamaized.net/images/logo/header/gb1.png?lm=1521104656
11,Liverpool FC,https://tmssl.akamaized.net//images/wappen/tiny/31_1727777132.png?lm=1727777132,https://www.transfermarkt.com/fc-liverpool/startseite/verein/31/saison_id/2023,0,Premier League,England,https://tmssl.akamaized.net/images/logo/header/gb1.png?lm=1521104656
12,Manchester City,https://tmssl.akamaized.net//images/wappen/tiny/281.png?lm=1467356331,https://www.transfermarkt.com/manchester-city/startseite/verein/281/saison_id/2023,0,Premier League,England,https://tmssl.akamaized.net/images/logo/header/gb1.png?lm=1521104656
13,Manchester United,https://tmssl.akamaized.net//images/wappen/tiny/985.png?lm=1457975903,https://www.transfermarkt.com/manchester-united/startseite/verein/985/saison_id/2023,0,Premier League,England,https://tmssl.akamaized.net/images/logo/header/gb1.png?lm=1521104656
14,Newcastle United,https://tmssl.akamaized.net//images/wappen/tiny/762.png?lm=1472921161,https://www.transfermarkt.com/newcastle-united/startseite/verein/762/saison_id/2023,0,Premier League,England,https://tmssl.akamaized.net/images/logo/header/gb1.png?lm=1521104656
15,Nottingham Forest,https://tmssl.akamaized.net//images/wappen/tiny/703.png?lm=1598890289,https://www.transfermarkt.com/nottingham-forest/startseite/verein/703/saison_id/2023,0,Premier League,England,https://tmssl.akamaized.net/images/logo/header/gb1.png?lm=1521104656
16,Southampton FC,https://tmssl.akamaized.net//images/wappen/tiny/180.png?lm=1444560086,https://www.transfermarkt.com/fc-southampton/startseite/verein/180/saison_id/2023,0,Premier League,England,https://tmssl.akamaized.net/images/logo/header/gb1.png?lm=1521104656
17,Tottenham Hotspur,https://tmssl.akamaized.net//images/wappen/tiny/148_1732012045.png?lm=1732012045,https://www.transfermarkt.com/tottenham-hotspur/startseite/verein/148/saison_id/2023,0,Premier League,England,https://tmssl.akamaized.net/images/logo/header/gb1.png?lm=1521104656
18,West Ham United,https://tmssl.akamaized.net//images/wappen/tiny/379.png?lm=1464675260,https://www.transfermarkt.com/west-ham-united/startseite/verein/379/saison_id/2023,0,Premier League,England,https://tmssl.akamaized.net/images/logo/header/gb1.png?lm=1521104656
19,Wolverhampton Wanderers,https://tmssl.akamaized.net//images/wappen/tiny/543.png?lm=1467496784,https://www.transfermarkt.com/wolverhampton-wanderers/startseite/verein/543/saison_id/2023,0,Premier League,England,https://tmssl.akamaized.net/images/logo/header/gb1.png?lm=1521104656
20,Blackburn Rovers,https://tmssl.akamaized.net//images/wappen/tiny/164.png?lm=1495228542,https://www.transfermarkt.com/blackburn-rovers/startseite/verein/164/saison_id/2023,1,Championship,England,https://tmssl.akamaized.net/images/logo/header/gb2.png?lm=1643026970
21,Bristol City,https://tmssl.akamaized.net//images/wappen/tiny/698.png?lm=1571314125,https://www.transfermarkt.com/bristol-city/startseite/verein/698/saison_id/2023,1,Championship,England,https://tmssl.akamaized.net/images/logo/header/gb2.png?lm=1643026970
22,Burnley FC,https://tmssl.akamaized.net//images/wappen/tiny/1132.png?lm=1686818840,https://www.transfermarkt.com/fc-burnley/startseite/verein/1132/saison_id/2023,1,Championship,England,https://tmssl.akamaized.net/images/logo/header/gb2.png?lm=1643026970
23,Cardiff City,https://tmssl.akamaized.net//images/wappen/tiny/603.png?lm=1478337063,https://www.transfermarkt.com/cardiff-city/startseite/verein/603/saison_id/2023,1,Championship,England,https://tmssl.akamaized.net/images/logo/header/gb2.png?lm=1643026970
24,Coventry City,https://tmssl.akamaized.net//images/wappen/tiny/990.png?lm=1684518179,https://www.transfermarkt.com/coventry-city/startseite/verein/990/saison_id/2023,1,Championship,England,https://tmssl.akamaized.net/images/logo/header/gb2.png?lm=1643026970
25,Derby County,https://tmssl.akamaized.net//images/wappen/tiny/22.png?lm=1407654006,https://www.transfermarkt.com/derby-county/startseite/verein/22/saison_id/2023,1,Championship,England,https://tmssl.akamaized.net/images/logo/header/gb2.png?lm=1643026970
26,Hull City,https://tmssl.akamaized.net//images/wappen/tiny/3008.png?lm=1562662491,https://www.transfermarkt.com/hull-city/startseite/verein/3008/saison_id/2023,1,Championship,England,https://tmssl.akamaized.net/images/logo/header/gb2.png?lm=1643026970
27,Leeds United,https://tmssl.akamaized.net//images/wappen/tiny/399.png?lm=1645652224,https://www.transfermarkt.com/leeds-united/startseite/verein/399/saison_id/2023,1,Championship,England,https://tmssl.akamaized.net/images/logo/header/gb2.png?lm=1643026970
28,Luton Town,https://tmssl.akamaized.net//images/wappen/tiny/1031.png?lm=1457723228,https://www.transfermarkt.com/luton-town/startseite/verein/1031/saison_id/2023,1,Championship,England,https://tmssl.akamaized.net/images/logo/header/gb2.png?lm=1643026970
29,Middlesbrough FC,https://tmssl.akamaized.net//images/wappen/tiny/641.png?lm=1697546042,https://www.transfermarkt.com/fc-middlesbrough/startseite/verein/641/saison_id/2023,1,Championship,England,https://tmssl.akamaized.net/images/logo/header/gb2.png?lm=1643026970
30,Millwall FC,https://tmssl.akamaized.net//images/wappen/tiny/1028.png?lm=1564722431,https://www.transfermarkt.com/fc-millwall/startseite/verein/1028/saison_id/2023,1,Championship,England,https://tmssl.akamaized.net/images/logo/header/gb2.png?lm=1643026970
31,Norwich City,https://tmssl.akamaized.net//images/wappen/tiny/1123.png?lm=1655469640,https://www.transfermarkt.com/norwich-city/startseite/verein/1123/saison_id/2023,1,Championship,England,https://tmssl.akamaized.net/images/logo/header/gb2.png?lm=1643026970
32,Oxford United,https://tmssl.akamaized.net//images/wappen/tiny/988.png?lm=1522938199,https://www.transfermarkt.com/oxford-united/startseite/verein/988/saison_id/2023,1,Championship,England,https://tmssl.akamaized.net/images/logo/header/gb2.png?lm=1643026970
33,Plymouth Argyle,https://tmssl.akamaized.net//images/wappen/tiny/2262.png?lm=1411464792,https://www.transfermarkt.com/plymouth-argyle/startseite/verein/2262/saison_id/2023,1,Championship,England,https://tmssl.akamaized.net/images/logo/header/gb2.png?lm=1643026970
34,Portsmouth FC,https://tmssl.akamaized.net//images/wappen/tiny/1020.png?lm=1565282045,https://www.transfermarkt.com/fc-portsmouth/startseite/verein/1020/saison_id/2023,1,Championship,England,https://tmssl.akamaized.net/images/logo/header/gb2.png?lm=1643026970
35,Preston North End,https://tmssl.akamaized.net//images/wappen/tiny/466.png?lm=1414769167,https://www.transfermarkt.com/preston-north-end/startseite/verein/466/saison_id/2023,1,Championship,England,https://tmssl.akamaized.net/images/logo/header/gb2.png?lm=1643026970
36,Queens Park Rangers,https://tmssl.akamaized.net//images/wappen/tiny/1039.png?lm=1464680692,https://www.transfermarkt.com/queens-park-rangers/startseite/verein/1039/saison_id/2023,1,Championship,England,https://tmssl.akamaized.net/images/logo/header/gb2.png?lm=1643026970
37,Sheffield United,https://tmssl.akamaized.net//images/wappen/tiny/350.png?lm=1409254138,https://www.transfermarkt.com/sheffield-united/startseite/verein/350/saison_id/2023,1,Championship,England,https://tmssl.akamaized.net/images/logo/header/gb2.png?lm=1643026970
38,Sheffield Wednesday,https://tmssl.akamaized.net//images/wappen/tiny/1035.png?lm=1643214896,https://www.transfermarkt.com/sheffield-wednesday/startseite/verein/1035/saison_id/2023,1,Championship,England,https://tmssl.akamaized.net/images/logo/header/gb2.png?lm=1643026970
39,Stoke City,https://tmssl.akamaized.net//images/wappen/tiny/512.png?lm=1472243727,https://www.transfermarkt.com/stoke-city/startseite/verein/512/saison_id/2023,1,Championship,England,https://tmssl.akamaized.net/images/logo/header/gb2.png?lm=1643026970
40,Sunderland AFC,https://tmssl.akamaized.net//images/wappen/tiny/289.png?lm=1485645633,https://www.transfermarkt.com/afc-sunderland/startseite/verein/289/saison_id/2023,1,Championship,England,https://tmssl.akamaized.net/images/logo/header/gb2.png?lm=1643026970
41,Swansea City,https://tmssl.akamaized.net//images/wappen/tiny/2288.png?lm=1658400285,https://www.transfermarkt.com/swansea-city/startseite/verein/2288/saison_id/2023,1,Championship,England,https://tmssl.akamaized.net/images/logo/header/gb2.png?lm=1643026970
42,Watford FC,https://tmssl.akamaized.net//images/wappen/tiny/1010.png?lm=1468103673,https://www.transfermarkt.com/fc-watford/startseite/verein/1010/saison_id/2023,1,Championship,England,https://tmssl.akamaized.net/images/logo/header/gb2.png?lm=1643026970
43,West Bromwich Albion,https://tmssl.akamaized.net//images/wappen/tiny/984.png?lm=1457991758,https://www.transfermarkt.com/west-bromwich-albion/startseite/verein/984/saison_id/2023,1,Championship,England,https://tmssl.akamaized.net/images/logo/header/gb2.png?lm=1643026970
44,Athletic Bilbao,https://tmssl.akamaized.net//images/wappen/tiny/621.png?lm=1695069038,https://www.transfermarkt.com/athletic-bilbao/startseite/verein/621/saison_id/2023,2,La Liga,Spain,https://tmssl.akamaized.net/images/logo/header/es1.png?lm=1557051003
45,Atlético de Madrid,https://tmssl.akamaized.net//images/wappen/tiny/13_1719403662.png?lm=1719403663,https://www.transfermarkt.com/atletico-madrid/startseite/verein/13/saison_id/2023,2,La Liga,Spain,https://tmssl.akamaized.net/images/logo/header/es1.png?lm=1557051003
46,CA Osasuna,https://tmssl.akamaized.net//images/wappen/tiny/331.png?lm=1686070937,https://www.transfermarkt.com/ca-osasuna/startseite/verein/331/saison_id/2023,2,La Liga,Spain,https://tmssl.akamaized.net/images/logo/header/es1.png?lm=1557051003
47,CD Leganés,https://tmssl.akamaized.net//images/wappen/tiny/1244.png?lm=1422972468,https://www.transfermarkt.com/cd-leganes/startseite/verein/1244/saison_id/2023,2,La Liga,Spain,https://tmssl.akamaized.net/images/logo/header/es1.png?lm=1557051003
48,Celta de Vigo,https://tmssl.akamaized.net//images/wappen/tiny/940.png?lm=1406966406,https://www.transfermarkt.com/celta-vigo/startseite/verein/940/saison_id/2023,2,La Liga,Spain,https://tmssl.akamaized.net/images/logo/header/es1.png?lm=1557051003
49,Deportivo Alavés,https://tmssl.akamaized.net//images/wappen/tiny/1108.png?lm=1596131395,https://www.transfermarkt.com/deportivo-alaves/startseite/verein/1108/saison_id/2023,2,La Liga,Spain,https://tmssl.akamaized.net/images/logo/header/es1.png?lm=1557051003
50,FC Barcelona,https://tmssl.akamaized.net//images/wappen/tiny/131.png?lm=1406739548,https://www.transfermarkt.com/fc-barcelona/startseite/verein/131/saison_id/2023,2,La Liga,Spain,https://tmssl.akamaized.net/images/logo/header/es1.png?lm=1557051003
51,Getafe CF,https://tmssl.akamaized.net//images/wappen/tiny/3709.png?lm=1408655116,https://www.transfermarkt.com/fc-getafe/startseite/verein/3709/saison_id/2023,2,La Liga,Spain,https://tmssl.akamaized.net/images/logo/header/es1.png?lm=1557051003
52,Girona FC,https://tmssl.akamaized.net//images/wappen/tiny/12321.png?lm=1730455718,https://www.transfermarkt.com/fc-girona/startseite/verein/12321/saison_id/2023,2,La Liga,Spain,https://tmssl.akamaized.net/images/logo/header/es1.png?lm=1557051003
53,RCD Espanyol Barcelona,https://tmssl.akamaized.net//images/wappen/tiny/714.png?lm=1406966369,https://www.transfermarkt.com/espanyol-barcelona/startseite/verein/714/saison_id/2023,2,La Liga,Spain,https://tmssl.akamaized.net/images/logo/header/es1.png?lm=1557051003
54,RCD Mallorca,https://tmssl.akamaized.net//images/wappen/tiny/237.png?lm=1407484750,https://www.transfermarkt.com/rcd-mallorca/startseite/verein/237/saison_id/2023,2,La Liga,Spain,https://tmssl.akamaized.net/images/logo/header/es1.png?lm=1557051003
55,Rayo Vallecano,https://tmssl.akamaized.net//images/wappen/tiny/367.png?lm=1653488445,https://www.transfermarkt.com/rayo-vallecano/startseite/verein/367/saison_id/2023,2,La Liga,Spain,https://tmssl.akamaized.net/images/logo/header/es1.png?lm=1557051003
56,Real Betis Balompié,https://tmssl.akamaized.net//images/wappen/tiny/150.png?lm=1663358526,https://www.transfermarkt.com/real-betis-sevilla/startseite/verein/150/saison_id/2023,2,La Liga,Spain,https://tmssl.akamaized.net/images/logo/header/es1.png?lm=1557051003
57,Real Madrid,https://tmssl.akamaized.net//images/wappen/tiny/418.png?lm=1729684474,https://www.transfermarkt.com/real-madrid/startseite/verein/418/saison_id/2023,2,La Liga,Spain,https://tmssl.akamaized.net/images/logo/header/es1.png?lm=1557051003
58,Real Sociedad,https://tmssl.akamaized.net//images/wappen/tiny/681.png?lm=1614795530,https://www.transfermarkt.com/real-sociedad-san-sebastian/startseite/verein/681/saison_id/2023,2,La Liga,Spain,https://tmssl.akamaized.net/images/logo/header/es1.png?lm=1557051003
59,Real Valladolid CF,https://tmssl.akamaized.net//images/wappen/tiny/366.png?lm=1720163563,https://www.transfermarkt.com/real-valladolid/startseite/verein/366/saison_id/2023,2,La Liga,Spain,https://tmssl.akamaized.net/images/logo/header/es1.png?lm=1557051003
60,Sevilla FC,https://tmssl.akamaized.net//images/wappen/tiny/368.png?lm=1730896593,https://www.transfermarkt.com/fc-sevilla/startseite/verein/368/saison_id/2023,2,La Liga,Spain,https://tmssl.akamaized.net/images/logo/header/es1.png?lm=1557051003
61,UD Las Palmas,https://tmssl.akamaized.net//images/wappen/tiny/472.png?lm=1407484865,https://www.transfermarkt.com/ud-las-palmas/startseite/verein/472/saison_id/2023,2,La Liga,Spain,https://tmssl.akamaized.net/images/logo/header/es1.png?lm=1557051003
62,Valencia CF,https://tmssl.akamaized.net//images/wappen/tiny/1049.png?lm=1406966320,https://www.transfermarkt.com/fc-valencia/startseite/verein/1049/saison_id/2023,2,La Liga,Spain,https://tmssl.akamaized.net/images/logo/header/es1.png?lm=1557051003
63,Villarreal CF,https://tmssl.akamaized.net//images/wappen/tiny/1050.png?lm=1408655310,https://www.transfermarkt.com/fc-villarreal/startseite/verein/1050/saison_id/2023,2,La Liga,Spain,https://tmssl.akamaized.net/images/logo/header/es1.png?lm=1557051003
64,1.FC Heidenheim 1846,https://tmssl.akamaized.net//images/wappen/tiny/2036.png?lm=1685457789,https://www.transfermarkt.com/1-fc-heidenheim-1846/startseite/verein/2036/saison_id/2023,3,Bundesliga,Germany,https://tmssl.akamaized.net/images/logo/header/l1.png?lm=1525905518
65,1.FC Union Berlin,https://tmssl.akamaized.net//images/wappen/tiny/89.png?lm=1402956210,https://www.transfermarkt.com/1-fc-union-berlin/startseite/verein/89/saison_id/2023,3,Bundesliga,Germany,https://tmssl.akamaized.net/images/logo/header/l1.png?lm=1525905518
66,1.FSV Mainz 05,https://tmssl.akamaized.net//images/wappen/tiny/39.png?lm=1564748880,https://www.transfermarkt.com/1-fsv-mainz-05/startseite/verein/39/saison_id/2023,3,Bundesliga,Germany,https://tmssl.akamaized.net/images/logo/header/l1.png?lm=1525905518
67,Bayer 04 Leverkusen,https://tmssl.akamaized.net//images/wappen/tiny/15.png?lm=1710156317,https://www.transfermarkt.com/bayer-04-leverkusen/startseite/verein/15/saison_id/2023,3,Bundesliga,Germany,https://tmssl.akamaized.net/images/logo/header/l1.png?lm=1525905518
68,Bayern Munich,https://tmssl.akamaized.net//images/wappen/tiny/27_1498251266.png?lm=1498251266,https://www.transfermarkt.com/fc-bayern-munchen/startseite/verein/27/saison_id/2023,3,Bundesliga,Germany,https://tmssl.akamaized.net/images/logo/header/l1.png?lm=1525905518
69,Borussia Dortmund,https://tmssl.akamaized.net//images/wappen/tiny/16.png?lm=1396275280,https://www.transfermarkt.com/borussia-dortmund/startseite/verein/16/saison_id/2023,3,Bundesliga,Germany,https://tmssl.akamaized.net/images/logo/header/l1.png?lm=1525905518
70,Borussia Mönchengladbach,https://tmssl.akamaized.net//images/wappen/tiny/18.png?lm=1656585796,https://www.transfermarkt.com/borussia-monchengladbach/startseite/verein/18/saison_id/2023,3,Bundesliga,Germany,https://tmssl.akamaized.net/images/logo/header/l1.png?lm=1525905518
71,Eintracht Frankfurt,https://tmssl.akamaized.net//images/wappen/tiny/24.png?lm=1700074979,https://www.transfermarkt.com/eintracht-frankfurt/startseite/verein/24/saison_id/2023,3,Bundesliga,Germany,https://tmssl.akamaized.net/images/logo/header/l1.png?lm=1525905518
72,FC Augsburg,https://tmssl.akamaized.net//images/wappen/tiny/167.png?lm=1656582897,https://www.transfermarkt.com/fc-augsburg/startseite/verein/167/saison_id/2023,3,Bundesliga,Germany,https://tmssl.akamaized.net/images/logo/header/l1.png?lm=1525905518
73,FC St. Pauli,https://tmssl.akamaized.net//images/wappen/tiny/35.png?lm=1521036360,https://www.transfermarkt.com/fc-st-pauli/startseite/verein/35/saison_id/2023,3,Bundesliga,Germany,https://tmssl.akamaized.net/images/logo/header/l1.png?lm=1525905518
74,Holstein Kiel,https://tmssl.akamaized.net//images/wappen/tiny/269.png?lm=1544480289,https://www.transfermarkt.com/holstein-kiel/startseite/verein/269/saison_id/2023,3,Bundesliga,Germany,https://tmssl.akamaized.net/images/logo/header/l1.png?lm=1525905518
75,RB Leipzig,https://tmssl.akamaized.net//images/wappen/tiny/23826.png?lm=1619431624,https://www.transfermarkt.com/rasenballsport-leipzig/startseite/verein/23826/saison_id/2023,3,Bundesliga,Germany,https://tmssl.akamaized.net/images/logo/header/l1.png?lm=1525905518
76,SC Freiburg,https://tmssl.akamaized.net//images/wappen/tiny/60.png?lm=1517249279,https://www.transfermarkt.com/sc-freiburg/startseite/verein/60/saison_id/2023,3,Bundesliga,Germany,https://tmssl.akamaized.net/images/logo/header/l1.png?lm=1525905518
77,SV Werder Bremen,https://tmssl.akamaized.net//images/wappen/tiny/86.png?lm=1403082298,https://www.transfermarkt.com/sv-werder-bremen/startseite/verein/86/saison_id/2023,3,Bundesliga,Germany,https://tmssl.akamaized.net/images/logo/header/l1.png?lm=1525905518
78,TSG 1899 Hoffenheim,https://tmssl.akamaized.net//images/wappen/tiny/533.png?lm=1675591766,https://www.transfermarkt.com/tsg-1899-hoffenheim/startseite/verein/533/saison_id/2023,3,Bundesliga,Germany,https://tmssl.akamaized.net/images/logo/header/l1.png?lm=1525905518
79,VfB Stuttgart,https://tmssl.akamaized.net//images/wappen/tiny/79.png?lm=1680587427,https://www.transfermarkt.com/vfb-stuttgart/startseite/verein/79/saison_id/2023,3,Bundesliga,Germany,https://tmssl.akamaized.net/images/logo/header/l1.png?lm=1525905518
80,VfL Bochum,https://tmssl.akamaized.net//images/wappen/tiny/80.png?lm=1656583090,https://www.transfermarkt.com/vfl-bochum/startseite/verein/80/saison_id/2023,3,Bundesliga,Germany,https://tmssl.akamaized.net/images/logo/header/l1.png?lm=1525905518
81,VfL Wolfsburg,https://tmssl.akamaized.net//images/wappen/tiny/82.png?lm=1503060755,https://www.transfermarkt.com/vfl-wolfsburg/startseite/verein/82/saison_id/2023,3,Bundesliga,Germany,https://tmssl.akamaized.net/images/logo/header/l1.png?lm=1525905518
82,AC Milan,https://tmssl.akamaized.net//images/wappen/tiny/5.png?lm=1605166627,https://www.transfermarkt.com/ac-mailand/startseite/verein/5/saison_id/2023,4,Serie A,Italy,https://tmssl.akamaized.net/images/logo/header/it1.png?lm=1656073460
83,AC Monza,https://tmssl.akamaized.net//images/wappen/tiny/2919.png?lm=1562072734,https://www.transfermarkt.com/ac-monza/startseite/verein/2919/saison_id/2023,4,Serie A,Italy,https://tmssl.akamaized.net/images/logo/header/it1.png?lm=1656073460
84,ACF Fiorentina,https://tmssl.akamaized.net//images/wappen/tiny/430.png?lm=1722844765,https://www.transfermarkt.com/ac-florenz/startseite/verein/430/saison_id/2023,4,Serie A,Italy,https://tmssl.akamaized.net/images/logo/header/it1.png?lm=1656073460
85,AS Roma,https://tmssl.akamaized.net//images/wappen/tiny/12.png?lm=1701079293,https://www.transfermarkt.com/as-rom/startseite/verein/12/saison_id/2023,4,Serie A,Italy,https://tmssl.akamaized.net/images/logo/header/it1.png?lm=1656073460
86,Atalanta BC,https://tmssl.akamaized.net//images/wappen/tiny/800.png?lm=1438547428,https://www.transfermarkt.com/atalanta-bergamo/startseite/verein/800/saison_id/2023,4,Serie A,Italy,https://tmssl.akamaized.net/images/logo/header/it1.png?lm=1656073460
87,Bologna FC 1909,https://tmssl.akamaized.net//images/wappen/tiny/1025.png?lm=1626441324,https://www.transfermarkt.com/fc-bologna/startseite/verein/1025/saison_id/2023,4,Serie A,Italy,https://tmssl.akamaized.net/images/logo/header/it1.png?lm=1656073460
88,Cagliari Calcio,https://tmssl.akamaized.net//images/wappen/tiny/1390.png?lm=1626441409,https://www.transfermarkt.com/cagliari-calcio/startseite/verein/1390/saison_id/2023,4,Serie A,Italy,https://tmssl.akamaized.net/images/logo/header/it1.png?lm=1656073460
89,Como 1907,https://tmssl.akamaized.net//images/wappen/tiny/1047.png?lm=1565704078,https://www.transfermarkt.com/como-1907/startseite/verein/1047/saison_id/2023,4,Serie A,Italy,https://tmssl.akamaized.net/images/logo/header/it1.png?lm=1656073460
90,FC Empoli,https://tmssl.akamaized.net//images/wappen/tiny/749.png?lm=1626441481,https://www.transfermarkt.com/fc-empoli/startseite/verein/749/saison_id/2023,4,Serie A,Italy,https://tmssl.akamaized.net/images/logo/header/it1.png?lm=1656073460
91,Genoa CFC,https://tmssl.akamaized.net//images/wappen/tiny/252.png?lm=1655305880,https://www.transfermarkt.com/genua-cfc/startseite/verein/252/saison_id/2023,4,Serie A,Italy,https://tmssl.akamaized.net/images/logo/header/it1.png?lm=1656073460
92,Hellas Verona,https://tmssl.akamaized.net//images/wappen/tiny/276.png?lm=1617228746,https://www.transfermarkt.com/hellas-verona/startseite/verein/276/saison_id/2023,4,Serie A,Italy,https://tmssl.akamaized.net/images/logo/header/it1.png?lm=1656073460
93,Inter Milan,https://tmssl.akamaized.net//images/wappen/tiny/46.png?lm=1618900989,https://www.transfermarkt.com/inter-mailand/startseite/verein/46/saison_id/2023,4,Serie A,Italy,https://tmssl.akamaized.net/images/logo/header/it1.png?lm=1656073460
94,Juventus FC,https://tmssl.akamaized.net//images/wappen/tiny/506.png?lm=1626441487,https://www.transfermarkt.com/juventus-turin/startseite/verein/506/saison_id/2023,4,Serie A,Italy,https://tmssl.akamaized.net/images/logo/header/it1.png?lm=1656073460
95,Parma Calcio 1913,https://tmssl.akamaized.net//images/wappen/tiny/130.png?lm=1530945992,https://www.transfermarkt.com/parma-calcio-1913/startseite/verein/130/saison_id/2023,4,Serie A,Italy,https://tmssl.akamaized.net/images/logo/header/it1.png?lm=1656073460
96,SS Lazio,https://tmssl.akamaized.net//images/wappen/tiny/398.png?lm=1601537785,https://www.transfermarkt.com/lazio-rom/startseite/verein/398/saison_id/2023,4,Serie A,Italy,https://tmssl.akamaized.net/images/logo/header/it1.png?lm=1656073460
97,SSC Napoli,https://tmssl.akamaized.net//images/wappen/tiny/6195_1720450885.png?lm=1720450885,https://www.transfermarkt.com/ssc-neapel/startseite/verein/6195/saison_id/2023,4,Serie A,Italy,https://tmssl.akamaized.net/images/logo/header/it1.png?lm=1656073460
98,Torino FC,https://tmssl.akamaized.net//images/wappen/tiny/416.png?lm=1438548174,https://www.transfermarkt.com/fc-turin/startseite/verein/416/saison_id/2023,4,Serie A,Italy,https://tmssl.akamaized.net/images/logo/header/it1.png?lm=1656073460
99,US Lecce,https://tmssl.akamaized.net//images/wappen/tiny/1005.png?lm=1689169528,https://www.transfermarkt.com/us-lecce/startseite/verein/1005/saison_id/2023,4,Serie A,Italy,https://tmssl.akamaized.net/images/logo/header/it1.png?lm=1656073460
100,Udinese Calcio,https://tmssl.akamaized.net//images/wappen/tiny/410.png?lm=1688982584,https://www.transfermarkt.com/udinese-calcio/startseite/verein/410/saison_id/2023,4,Serie A,Italy,https://tmssl.akamaized.net/images/logo/header/it1.png?lm=1656073460
101,Venezia FC,https://tmssl.akamaized.net//images/wappen/tiny/607.png?lm=1657392944,https://www.transfermarkt.com/venezia-fc/startseite/verein/607/saison_id/2023,4,Serie A,Italy,https://tmssl.akamaized.net/images/logo/header/it1.png?lm=1656073460
102,AJ Auxerre,https://tmssl.akamaized.net//images/wappen/tiny/290.png?lm=1635851977,https://www.transfermarkt.com/aj-auxerre/startseite/verein/290/saison_id/2023,5,Ligue One,France,https://tmssl.akamaized.net/images/logo/header/fr1.png?lm=1648360140
103,AS Monaco,https://tmssl.akamaized.net//images/wappen/tiny/162.png?lm=1654781919,https://www.transfermarkt.com/as-monaco/startseite/verein/162/saison_id/2023,5,Ligue One,France,https://tmssl.akamaized.net/images/logo/header/fr1.png?lm=1648360140
104,AS Saint-Étienne,https://tmssl.akamaized.net//images/wappen/tiny/618.png?lm=1658260152,https://www.transfermarkt.com/as-saint-etienne/startseite/verein/618/saison_id/2023,5,Ligue One,France,https://tmssl.akamaized.net/images/logo/header/fr1.png?lm=1648360140
105,Angers SCO,https://tmssl.akamaized.net//images/wappen/tiny/1420.png?lm=1687525425,https://www.transfermarkt.com/sco-angers/startseite/verein/1420/saison_id/2023,5,Ligue One,France,https://tmssl.akamaized.net/images/logo/header/fr1.png?lm=1648360140
106,FC Nantes,https://tmssl.akamaized.net//images/wappen/tiny/995.png?lm=1581355747,https://www.transfermarkt.com/fc-nantes/startseite/verein/995/saison_id/2023,5,Ligue One,France,https://tmssl.akamaized.net/images/logo/header/fr1.png?lm=1648360140
107,FC Toulouse,https://tmssl.akamaized.net//images/wappen/tiny/415.png?lm=1530117274,https://www.transfermarkt.com/fc-toulouse/startseite/verein/415/saison_id/2023,5,Ligue One,France,https://tmssl.akamaized.net/images/logo/header/fr1.png?lm=1648360140
108,LOSC Lille,https://tmssl.akamaized.net//images/wappen/tiny/1082.png?lm=1529521041,https://www.transfermarkt.com/losc-lille/startseite/verein/1082/saison_id/2023,5,Ligue One,France,https://tmssl.akamaized.net/images/logo/header/fr1.png?lm=1648360140
109,Le Havre AC,https://tmssl.akamaized.net//images/wappen/tiny/738.png?lm=1408780648,https://www.transfermarkt.com/ac-le-havre/startseite/verein/738/saison_id/2023,5,Ligue One,France,https://tmssl.akamaized.net/images/logo/header/fr1.png?lm=1648360140
110,Montpellier HSC,https://tmssl.akamaized.net//images/wappen/tiny/969_1720105245.png?lm=1720105247,https://www.transfermarkt.com/montpellier-hsc/startseite/verein/969/saison_id/2023,5,Ligue One,France,https://tmssl.akamaized.net/images/logo/header/fr1.png?lm=1648360140
111,OGC Nice,https://tmssl.akamaized.net//images/wappen/tiny/417.png?lm=1408779490,https://www.transfermarkt.com/ogc-nizza/startseite/verein/417/saison_id/2023,5,Ligue One,France,https://tmssl.akamaized.net/images/logo/header/fr1.png?lm=1648360140
112,Olympique Lyon,https://tmssl.akamaized.net//images/wappen/tiny/1041.png?lm=1656668172,https://www.transfermarkt.com/olympique-lyon/startseite/verein/1041/saison_id/2023,5,Ligue One,France,https://tmssl.akamaized.net/images/logo/header/fr1.png?lm=1648360140
113,Olympique Marseille,https://tmssl.akamaized.net//images/wappen/tiny/244.png?lm=1485642163,https://www.transfermarkt.com/olympique-marseille/startseite/verein/244/saison_id/2023,5,Ligue One,France,https://tmssl.akamaized.net/images/logo/header/fr1.png?lm=1648360140
114,Paris Saint-Germain,https://tmssl.akamaized.net//images/wappen/tiny/583_1522053508.png?lm=1522053508,https://www.transfermarkt.com/fc-paris-saint-germain/startseite/verein/583/saison_id/2023,5,Ligue One,France,https://tmssl.akamaized.net/images/logo/header/fr1.png?lm=1648360140
115,RC Lens,https://tmssl.akamaized.net//images/wappen/tiny/826.png?lm=1595457059,https://www.transfermarkt.com/rc-lens/startseite/verein/826/saison_id/2023,5,Ligue One,France,https://tmssl.akamaized.net/images/logo/header/fr1.png?lm=1648360140
116,RC Strasbourg Alsace,https://tmssl.akamaized.net//images/wappen/tiny/667.png?lm=1664991833,https://www.transfermarkt.com/rc-strassburg-alsace/startseite/verein/667/saison_id/2023,5,Ligue One,France,https://tmssl.akamaized.net/images/logo/header/fr1.png?lm=1648360140
117,Stade Brestois 29,https://tmssl.akamaized.net//images/wappen/tiny/3911.png?lm=1408780312,https://www.transfermarkt.com/stade-brest-29/startseite/verein/3911/saison_id/2023,5,Ligue One,France,https://tmssl.akamaized.net/images/logo/header/fr1.png?lm=1648360140
118,Stade Reims,https://tmssl.akamaized.net//images/wappen/tiny/1421.png?lm=1592601839,https://www.transfermarkt.com/stade-reims/startseite/verein/1421/saison_id/2023,5,Ligue One,France,https://tmssl.akamaized.net/images/logo/header/fr1.png?lm=1648360140
119,Stade Rennais FC,https://tmssl.akamaized.net//images/wappen/tiny/273.png?lm=1691503972,https://www.transfermarkt.com/fc-stade-rennes/startseite/verein/273/saison_id/2023,5,Ligue One,France,https://tmssl.akamaized.net/images/logo/header/fr1.png?lm=1648360140
120,Avs Futebol,https://tmssl.akamaized.net//images/wappen/tiny/110302.png?lm=1698968034,https://www.transfermarkt.com/avs-futebol-sad/startseite/verein/110302/saison_id/2023,6,Liga Portugal,Portugal,https://tmssl.akamaized.net/images/logo/header/po1.png?lm=1626110146
121,Boavista FC,https://tmssl.akamaized.net//images/wappen/tiny/2503.png?lm=1480959207,https://www.transfermarkt.com/boavista-porto-fc/startseite/verein/2503/saison_id/2023,6,Liga Portugal,Portugal,https://tmssl.akamaized.net/images/logo/header/po1.png?lm=1626110146
122,CD Nacional,https://tmssl.akamaized.net//images/wappen/tiny/982.png?lm=1549988602,https://www.transfermarkt.com/cd-nacional/startseite/verein/982/saison_id/2023,6,Liga Portugal,Portugal,https://tmssl.akamaized.net/images/logo/header/po1.png?lm=1626110146
123,CD Santa Clara,https://tmssl.akamaized.net//images/wappen/tiny/2423_1718909310.png?lm=1718909310,https://www.transfermarkt.com/cd-santa-clara/startseite/verein/2423/saison_id/2023,6,Liga Portugal,Portugal,https://tmssl.akamaized.net/images/logo/header/po1.png?lm=1626110146
124,CF Estrela Amadora,https://tmssl.akamaized.net//images/wappen/tiny/2431.png?lm=1598342709,https://www.transfermarkt.com/cf-estrela-amadora-sad/startseite/verein/2431/saison_id/2023,6,Liga Portugal,Portugal,https://tmssl.akamaized.net/images/logo/header/po1.png?lm=1626110146
125,Casa Pia AC,https://tmssl.akamaized.net//images/wappen/tiny/3268.png?lm=1663076157,https://www.transfermarkt.com/casa-pia-ac/startseite/verein/3268/saison_id/2023,6,Liga Portugal,Portugal,https://tmssl.akamaized.net/images/logo/header/po1.png?lm=1626110146
126,Estoril Praia,https://tmssl.akamaized.net//images/wappen/tiny/1465.png?lm=1534340702,https://www.transfermarkt.com/gd-estoril-praia/startseite/verein/1465/saison_id/2023,6,Liga Portugal,Portugal,https://tmssl.akamaized.net/images/logo/header/po1.png?lm=1626110146
127,FC Arouca,https://tmssl.akamaized.net//images/wappen/tiny/8024.png?lm=1530096604,https://www.transfermarkt.com/fc-arouca/startseite/verein/8024/saison_id/2023,6,Liga Portugal,Portugal,https://tmssl.akamaized.net/images/logo/header/po1.png?lm=1626110146
128,FC Famalicão,https://tmssl.akamaized.net//images/wappen/tiny/3329.png?lm=1565881258,https://www.transfermarkt.com/fc-famalicao/startseite/verein/3329/saison_id/2023,6,Liga Portugal,Portugal,https://tmssl.akamaized.net/images/logo/header/po1.png?lm=1626110146
129,FC Porto,https://tmssl.akamaized.net//images/wappen/tiny/720.png?lm=1486310161,https://www.transfermarkt.com/fc-porto/startseite/verein/720/saison_id/2023,6,Liga Portugal,Portugal,https://tmssl.akamaized.net/images/logo/header/po1.png?lm=1626110146
130,Gil Vicente FC,https://tmssl.akamaized.net//images/wappen/tiny/2424.png?lm=1624283300,https://www.transfermarkt.com/gil-vicente-fc/startseite/verein/2424/saison_id/2023,6,Liga Portugal,Portugal,https://tmssl.akamaized.net/images/logo/header/po1.png?lm=1626110146
131,Moreirense FC,https://tmssl.akamaized.net//images/wappen/tiny/979.png?lm=1552324606,https://www.transfermarkt.com/moreirense-fc/startseite/verein/979/saison_id/2023,6,Liga Portugal,Portugal,https://tmssl.akamaized.net/images/logo/header/po1.png?lm=1626110146
132,Rio Ave FC,https://tmssl.akamaized.net//images/wappen/tiny/2425.png?lm=1516613968,https://www.transfermarkt.com/rio-ave-fc/startseite/verein/2425/saison_id/2023,6,Liga Portugal,Portugal,https://tmssl.akamaized.net/images/logo/header/po1.png?lm=1626110146
133,SC Braga,https://tmssl.akamaized.net//images/wappen/tiny/1075.png?lm=1432893871,https://www.transfermarkt.com/sc-braga/startseite/verein/1075/saison_id/2023,6,Liga Portugal,Portugal,https://tmssl.akamaized.net/images/logo/header/po1.png?lm=1626110146
134,SC Farense,https://tmssl.akamaized.net//images/wappen/tiny/4294.png?lm=1550150253,https://www.transfermarkt.com/sc-farense/startseite/verein/4294/saison_id/2023,6,Liga Portugal,Portugal,https://tmssl.akamaized.net/images/logo/header/po1.png?lm=1626110146
135,SL Benfica,https://tmssl.akamaized.net//images/wappen/tiny/294.png?lm=1535908439,https://www.transfermarkt.com/benfica-lissabon/startseite/verein/294/saison_id/2023,6,Liga Portugal,Portugal,https://tmssl.akamaized.net/images/logo/header/po1.png?lm=1626110146
136,Sporting CP,https://tmssl.akamaized.net//images/wappen/tiny/336.png?lm=1621513752,https://www.transfermarkt.com/sporting-lissabon/startseite/verein/336/saison_id/2023,6,Liga Portugal,Portugal,https://tmssl.akamaized.net/images/logo/header/po1.png?lm=1626110146
137,Vitória Guimarães SC,https://tmssl.akamaized.net//images/wappen/tiny/2420.png?lm=1432894021,https://www.transfermarkt.com/vitoria-guimaraes-sc/startseite/verein/2420/saison_id/2023,6,Liga Portugal,Portugal,https://tmssl.akamaized.net/images/logo/header/po1.png?lm=1626110146
138,AZ Alkmaar,https://tmssl.akamaized.net//images/wappen/tiny/1090.png?lm=1586848339,https://www.transfermarkt.com/az-alkmaar/startseite/verein/1090/saison_id/2023,7,Eredivisie,Netherlands,https://tmssl.akamaized.net/images/logo/header/nl1.png?lm=1674743474
139,Ajax Amsterdam,https://tmssl.akamaized.net//images/wappen/tiny/610_1731923645.png?lm=1731923645,https://www.transfermarkt.com/ajax-amsterdam/startseite/verein/610/saison_id/2023,7,Eredivisie,Netherlands,https://tmssl.akamaized.net/images/logo/header/nl1.png?lm=1674743474
140,Almere City FC,https://tmssl.akamaized.net//images/wappen/tiny/723.png?lm=1588851577,https://www.transfermarkt.com/almere-city-fc/startseite/verein/723/saison_id/2023,7,Eredivisie,Netherlands,https://tmssl.akamaized.net/images/logo/header/nl1.png?lm=1674743474
141,FC Groningen,https://tmssl.akamaized.net//images/wappen/tiny/202.png?lm=1657052745,https://www.transfermarkt.com/fc-groningen/startseite/verein/202/saison_id/2023,7,Eredivisie,Netherlands,https://tmssl.akamaized.net/images/logo/header/nl1.png?lm=1674743474
142,FC Utrecht,https://tmssl.akamaized.net//images/wappen/tiny/200.png?lm=1628450351,https://www.transfermarkt.com/fc-utrecht/startseite/verein/200/saison_id/2023,7,Eredivisie,Netherlands,https://tmssl.akamaized.net/images/logo/header/nl1.png?lm=1674743474
143,Feyenoord Rotterdam,https://tmssl.akamaized.net//images/wappen/tiny/234_1722422152.png?lm=1722422152,https://www.transfermarkt.com/feyenoord-rotterdam/startseite/verein/234/saison_id/2023,7,Eredivisie,Netherlands,https://tmssl.akamaized.net/images/logo/header/nl1.png?lm=1674743474
144,Fortuna Sittard,https://tmssl.akamaized.net//images/wappen/tiny/385.png?lm=1610789891,https://www.transfermarkt.com/fortuna-sittard/startseite/verein/385/saison_id/2023,7,Eredivisie,Netherlands,https://tmssl.akamaized.net/images/logo/header/nl1.png?lm=1674743474
145,Go Ahead Eagles,https://tmssl.akamaized.net//images/wappen/tiny/1435.png?lm=1540316767,https://www.transfermarkt.com/go-ahead-eagles-deventer/startseite/verein/1435/saison_id/2023,7,Eredivisie,Netherlands,https://tmssl.akamaized.net/images/logo/header/nl1.png?lm=1674743474
146,Heracles Almelo,https://tmssl.akamaized.net//images/wappen/tiny/1304.png?lm=1488213735,https://www.transfermarkt.com/heracles-almelo/startseite/verein/1304/saison_id/2023,7,Eredivisie,Netherlands,https://tmssl.akamaized.net/images/logo/header/nl1.png?lm=1674743474
147,NAC Breda,https://tmssl.akamaized.net//images/wappen/tiny/132.png?lm=1667313213,https://www.transfermarkt.com/nac-breda/startseite/verein/132/saison_id/2023,7,Eredivisie,Netherlands,https://tmssl.akamaized.net/images/logo/header/nl1.png?lm=1674743474
148,NEC Nijmegen,https://tmssl.akamaized.net//images/wappen/tiny/467.png?lm=1460302949,https://www.transfermarkt.com/nec-nijmegen/startseite/verein/467/saison_id/2023,7,Eredivisie,Netherlands,https://tmssl.akamaized.net/images/logo/header/nl1.png?lm=1674743474
149,PEC Zwolle,https://tmssl.akamaized.net//images/wappen/tiny/1269.png?lm=1610790473,https://www.transfermarkt.com/pec-zwolle/startseite/verein/1269/saison_id/2023,7,Eredivisie,Netherlands,https://tmssl.akamaized.net/images/logo/header/nl1.png?lm=1674743474
150,PSV Eindhoven,https://tmssl.akamaized.net//images/wappen/tiny/383.png?lm=1682925949,https://www.transfermarkt.com/psv-eindhoven/startseite/verein/383/saison_id/2023,7,Eredivisie,Netherlands,https://tmssl.akamaized.net/images/logo/header/nl1.png?lm=1674743474
151,RKC Waalwijk,https://tmssl.akamaized.net//images/wappen/tiny/235.png?lm=1435505083,https://www.transfermarkt.com/rkc-waalwijk/startseite/verein/235/saison_id/2023,7,Eredivisie,Netherlands,https://tmssl.akamaized.net/images/logo/header/nl1.png?lm=1674743474
152,SC Heerenveen,https://tmssl.akamaized.net//images/wappen/tiny/306.png?lm=1655978084,https://www.transfermarkt.com/sc-heerenveen/startseite/verein/306/saison_id/2023,7,Eredivisie,Netherlands,https://tmssl.akamaized.net/images/logo/header/nl1.png?lm=1674743474
153,Sparta Rotterdam,https://tmssl.akamaized.net//images/wappen/tiny/468.png?lm=1485262132,https://www.transfermarkt.com/sparta-rotterdam/startseite/verein/468/saison_id/2023,7,Eredivisie,Netherlands,https://tmssl.akamaized.net/images/logo/header/nl1.png?lm=1674743474
154,Twente Enschede FC,https://tmssl.akamaized.net//images/wappen/tiny/317.png?lm=1610789581,https://www.transfermarkt.com/fc-twente-enschede/startseite/verein/317/saison_id/2023,7,Eredivisie,Netherlands,https://tmssl.akamaized.net/images/logo/header/nl1.png?lm=1674743474
155,Willem II Tilburg,https://tmssl.akamaized.net//images/wappen/tiny/403.png?lm=1686931031,https://www.transfermarkt.com/willem-ii-tilburg/startseite/verein/403/saison_id/2023,7,Eredivisie,Netherlands,https://tmssl.akamaized.net/images/logo/header/nl1.png?lm=1674743474
