team_id,team_name,team_small_logo,team_url,league_id,league_name,league_nation,league_logo
0,AFC Bournemouth,https://tmssl.akamaized.net/images/wappen/tiny/989.png?lm=1457991811,/afc-bournemouth/startseite/verein/989/saison_id/2022,0,Premier League,England,https://tmssl.akamaized.net/images/logo/header/gb1.png?lm=1521104656
1,Arsenal FC,https://tmssl.akamaized.net/images/wappen/tiny/11.png?lm=1489787850,/fc-arsenal/startseite/verein/11/saison_id/2022,0,Premier League,England,https://tmssl.akamaized.net/images/logo/header/gb1.png?lm=1521104656
2,Aston Villa,https://tmssl.akamaized.net/images/wappen/tiny/405.png?lm=1469443765,/aston-villa/startseite/verein/405/saison_id/2022,0,Premier League,England,https://tmssl.akamaized.net/images/logo/header/gb1.png?lm=1521104656
3,Brentford FC,https://tmssl.akamaized.net/images/wappen/tiny/1148.png?lm=1625150543,/fc-brentford/startseite/verein/1148/saison_id/2022,0,Premier League,England,https://tmssl.akamaized.net/images/logo/header/gb1.png?lm=1521104656
4,Brighton & Hove Albion,https://tmssl.akamaized.net/images/wappen/tiny/1237.png?lm=1492718902,/brighton-amp-hove-albion/startseite/verein/1237/saison_id/2022,0,Premier League,England,https://tmssl.akamaized.net/images/logo/header/gb1.png?lm=1521104656
5,Burnley FC,https://tmssl.akamaized.net/images/wappen/tiny/1132_1686900149.png?lm=1686900149,/fc-burnley/startseite/verein/1132/saison_id/2022,0,Premier League,England,https://tmssl.akamaized.net/images/logo/header/gb1.png?lm=1521104656
6,Chelsea FC,https://tmssl.akamaized.net/images/wappen/tiny/631.png?lm=1682435911,/fc-chelsea/startseite/verein/631/saison_id/2022,0,Premier League,England,https://tmssl.akamaized.net/images/logo/header/gb1.png?lm=1521104656
7,Crystal Palace,https://tmssl.akamaized.net/images/wappen/tiny/873.png?lm=1457723287,/crystal-palace/startseite/verein/873/saison_id/2022,0,Premier League,England,https://tmssl.akamaized.net/images/logo/header/gb1.png?lm=1521104656
8,Everton FC,https://tmssl.akamaized.net/images/wappen/tiny/29.png?lm=1445949846,/fc-everton/startseite/verein/29/saison_id/2022,0,Premier League,England,https://tmssl.akamaized.net/images/logo/header/gb1.png?lm=1521104656
9,Fulham FC,https://tmssl.akamaized.net/images/wappen/tiny/931.png?lm=1556831687,/fc-fulham/startseite/verein/931/saison_id/2022,0,Premier League,England,https://tmssl.akamaized.net/images/logo/header/gb1.png?lm=1521104656
10,Liverpool FC,https://tmssl.akamaized.net/images/wappen/tiny/31.png?lm=1456567819,/fc-liverpool/startseite/verein/31/saison_id/2022,0,Premier League,England,https://tmssl.akamaized.net/images/logo/header/gb1.png?lm=1521104656
11,Luton Town,https://tmssl.akamaized.net/images/wappen/tiny/1031.png?lm=1457723228,/luton-town/startseite/verein/1031/saison_id/2022,0,Premier League,England,https://tmssl.akamaized.net/images/logo/header/gb1.png?lm=1521104656
12,Manchester City,https://tmssl.akamaized.net/images/wappen/tiny/281.png?lm=1467356331,/manchester-city/startseite/verein/281/saison_id/2022,0,Premier League,England,https://tmssl.akamaized.net/images/logo/header/gb1.png?lm=1521104656
13,Manchester United,https://tmssl.akamaized.net/images/wappen/tiny/985.png?lm=1457975903,/manchester-united/startseite/verein/985/saison_id/2022,0,Premier League,England,https://tmssl.akamaized.net/images/logo/header/gb1.png?lm=1521104656
14,Newcastle United,https://tmssl.akamaized.net/images/wappen/tiny/762.png?lm=1472921161,/newcastle-united/startseite/verein/762/saison_id/2022,0,Premier League,England,https://tmssl.akamaized.net/images/logo/header/gb1.png?lm=1521104656
15,Nottingham Forest,https://tmssl.akamaized.net/images/wappen/tiny/703.png?lm=1598890289,/nottingham-forest/startseite/verein/703/saison_id/2022,0,Premier League,England,https://tmssl.akamaized.net/images/logo/header/gb1.png?lm=1521104656
16,Sheffield United,https://tmssl.akamaized.net/images/wappen/tiny/350.png?lm=1409254138,/sheffield-united/startseite/verein/350/saison_id/2022,0,Premier League,England,https://tmssl.akamaized.net/images/logo/header/gb1.png?lm=1521104656
17,Tottenham Hotspur,https://tmssl.akamaized.net/images/wappen/tiny/148.png?lm=1544345801,/tottenham-hotspur/startseite/verein/148/saison_id/2022,0,Premier League,England,https://tmssl.akamaized.net/images/logo/header/gb1.png?lm=1521104656
18,West Ham United,https://tmssl.akamaized.net/images/wappen/tiny/379.png?lm=1464675260,/west-ham-united/startseite/verein/379/saison_id/2022,0,Premier League,England,https://tmssl.akamaized.net/images/logo/header/gb1.png?lm=1521104656
19,Wolverhampton Wanderers,https://tmssl.akamaized.net/images/wappen/tiny/543.png?lm=1467496784,/wolverhampton-wanderers/startseite/verein/543/saison_id/2022,0,Premier League,England,https://tmssl.akamaized.net/images/logo/header/gb1.png?lm=1521104656
20,Birmingham City,https://tmssl.akamaized.net/images/wappen/tiny/337.png?lm=1672321276,/birmingham-city/startseite/verein/337/saison_id/2022,1,Championship,England,https://tmssl.akamaized.net/images/logo/header/gb2.png?lm=1643026970
21,Blackburn Rovers,https://tmssl.akamaized.net/images/wappen/tiny/164.png?lm=1495228542,/blackburn-rovers/startseite/verein/164/saison_id/2022,1,Championship,England,https://tmssl.akamaized.net/images/logo/header/gb2.png?lm=1643026970
22,Bristol City,https://tmssl.akamaized.net/images/wappen/tiny/698.png?lm=1571314125,/bristol-city/startseite/verein/698/saison_id/2022,1,Championship,England,https://tmssl.akamaized.net/images/logo/header/gb2.png?lm=1643026970
23,Cardiff City,https://tmssl.akamaized.net/images/wappen/tiny/603.png?lm=1478337063,/cardiff-city/startseite/verein/603/saison_id/2022,1,Championship,England,https://tmssl.akamaized.net/images/logo/header/gb2.png?lm=1643026970
24,Coventry City,https://tmssl.akamaized.net/images/wappen/tiny/990.png?lm=1684518179,/coventry-city/startseite/verein/990/saison_id/2022,1,Championship,England,https://tmssl.akamaized.net/images/logo/header/gb2.png?lm=1643026970
25,Huddersfield Town,https://tmssl.akamaized.net/images/wappen/tiny/1110.png?lm=1567439677,/huddersfield-town/startseite/verein/1110/saison_id/2022,1,Championship,England,https://tmssl.akamaized.net/images/logo/header/gb2.png?lm=1643026970
26,Hull City,https://tmssl.akamaized.net/images/wappen/tiny/3008.png?lm=1562662491,/hull-city/startseite/verein/3008/saison_id/2022,1,Championship,England,https://tmssl.akamaized.net/images/logo/header/gb2.png?lm=1643026970
27,Ipswich Town,https://tmssl.akamaized.net/images/wappen/tiny/677.png?lm=1407655249,/ipswich-town/startseite/verein/677/saison_id/2022,1,Championship,England,https://tmssl.akamaized.net/images/logo/header/gb2.png?lm=1643026970
28,Leeds United,https://tmssl.akamaized.net/images/wappen/tiny/399.png?lm=1645652224,/leeds-united/startseite/verein/399/saison_id/2022,1,Championship,England,https://tmssl.akamaized.net/images/logo/header/gb2.png?lm=1643026970
29,Leicester City,https://tmssl.akamaized.net/images/wappen/tiny/1003.png?lm=1472229265,/leicester-city/startseite/verein/1003/saison_id/2022,1,Championship,England,https://tmssl.akamaized.net/images/logo/header/gb2.png?lm=1643026970
30,Middlesbrough FC,https://tmssl.akamaized.net/images/wappen/tiny/641.png?lm=1443702192,/fc-middlesbrough/startseite/verein/641/saison_id/2022,1,Championship,England,https://tmssl.akamaized.net/images/logo/header/gb2.png?lm=1643026970
31,Millwall FC,https://tmssl.akamaized.net/images/wappen/tiny/1028.png?lm=1564722431,/fc-millwall/startseite/verein/1028/saison_id/2022,1,Championship,England,https://tmssl.akamaized.net/images/logo/header/gb2.png?lm=1643026970
32,Norwich City,https://tmssl.akamaized.net/images/wappen/tiny/1123.png?lm=1655469640,/norwich-city/startseite/verein/1123/saison_id/2022,1,Championship,England,https://tmssl.akamaized.net/images/logo/header/gb2.png?lm=1643026970
33,Plymouth Argyle,https://tmssl.akamaized.net/images/wappen/tiny/2262.png?lm=1411464792,/plymouth-argyle/startseite/verein/2262/saison_id/2022,1,Championship,England,https://tmssl.akamaized.net/images/logo/header/gb2.png?lm=1643026970
34,Preston North End,https://tmssl.akamaized.net/images/wappen/tiny/466.png?lm=1414769167,/preston-north-end/startseite/verein/466/saison_id/2022,1,Championship,England,https://tmssl.akamaized.net/images/logo/header/gb2.png?lm=1643026970
35,Queens Park Rangers,https://tmssl.akamaized.net/images/wappen/tiny/1039.png?lm=1464680692,/queens-park-rangers/startseite/verein/1039/saison_id/2022,1,Championship,England,https://tmssl.akamaized.net/images/logo/header/gb2.png?lm=1643026970
36,Rotherham United,https://tmssl.akamaized.net/images/wappen/tiny/1194.png?lm=1407655489,/rotherham-united/startseite/verein/1194/saison_id/2022,1,Championship,England,https://tmssl.akamaized.net/images/logo/header/gb2.png?lm=1643026970
37,Sheffield Wednesday,https://tmssl.akamaized.net/images/wappen/tiny/1035.png?lm=1643214896,/sheffield-wednesday/startseite/verein/1035/saison_id/2022,1,Championship,England,https://tmssl.akamaized.net/images/logo/header/gb2.png?lm=1643026970
38,Southampton FC,https://tmssl.akamaized.net/images/wappen/tiny/180.png?lm=1444560086,/fc-southampton/startseite/verein/180/saison_id/2022,1,Championship,England,https://tmssl.akamaized.net/images/logo/header/gb2.png?lm=1643026970
39,Stoke City,https://tmssl.akamaized.net/images/wappen/tiny/512.png?lm=1472243727,/stoke-city/startseite/verein/512/saison_id/2022,1,Championship,England,https://tmssl.akamaized.net/images/logo/header/gb2.png?lm=1643026970
40,Sunderland AFC,https://tmssl.akamaized.net/images/wappen/tiny/289.png?lm=1485645633,/afc-sunderland/startseite/verein/289/saison_id/2022,1,Championship,England,https://tmssl.akamaized.net/images/logo/header/gb2.png?lm=1643026970
41,Swansea City,https://tmssl.akamaized.net/images/wappen/tiny/2288_1658400314.png?lm=1658400315,/swansea-city/startseite/verein/2288/saison_id/2022,1,Championship,England,https://tmssl.akamaized.net/images/logo/header/gb2.png?lm=1643026970
42,Watford FC,https://tmssl.akamaized.net/images/wappen/tiny/1010.png?lm=1468103673,/fc-watford/startseite/verein/1010/saison_id/2022,1,Championship,England,https://tmssl.akamaized.net/images/logo/header/gb2.png?lm=1643026970
43,West Bromwich Albion,https://tmssl.akamaized.net/images/wappen/tiny/984.png?lm=1457991758,/west-bromwich-albion/startseite/verein/984/saison_id/2022,1,Championship,England,https://tmssl.akamaized.net/images/logo/header/gb2.png?lm=1643026970
44,Athletic Bilbao,https://tmssl.akamaized.net/images/wappen/tiny/621.png?lm=1565768743,/athletic-bilbao/startseite/verein/621/saison_id/2022,2,La Liga,Spain,https://tmssl.akamaized.net/images/logo/header/es1.png?lm=1557051003
45,Atlético de Madrid,https://tmssl.akamaized.net/images/wappen/tiny/13.png?lm=1519120744,/atletico-madrid/startseite/verein/13/saison_id/2022,2,La Liga,Spain,https://tmssl.akamaized.net/images/logo/header/es1.png?lm=1557051003
46,CA Osasuna,https://tmssl.akamaized.net/images/wappen/tiny/331.png?lm=1686070937,/ca-osasuna/startseite/verein/331/saison_id/2022,2,La Liga,Spain,https://tmssl.akamaized.net/images/logo/header/es1.png?lm=1557051003
47,Celta de Vigo,https://tmssl.akamaized.net/images/wappen/tiny/940.png?lm=1406966406,/celta-vigo/startseite/verein/940/saison_id/2022,2,La Liga,Spain,https://tmssl.akamaized.net/images/logo/header/es1.png?lm=1557051003
48,Cádiz CF,https://tmssl.akamaized.net/images/wappen/tiny/2687.png?lm=1683542431,/fc-cadiz/startseite/verein/2687/saison_id/2022,2,La Liga,Spain,https://tmssl.akamaized.net/images/logo/header/es1.png?lm=1557051003
49,Deportivo Alavés,https://tmssl.akamaized.net/images/wappen/tiny/1108.png?lm=1596131395,/deportivo-alaves/startseite/verein/1108/saison_id/2022,2,La Liga,Spain,https://tmssl.akamaized.net/images/logo/header/es1.png?lm=1557051003
50,FC Barcelona,https://tmssl.akamaized.net/images/wappen/tiny/131.png?lm=1406739548,/fc-barcelona/startseite/verein/131/saison_id/2022,2,La Liga,Spain,https://tmssl.akamaized.net/images/logo/header/es1.png?lm=1557051003
51,Getafe CF,https://tmssl.akamaized.net/images/wappen/tiny/3709.png?lm=1408655116,/fc-getafe/startseite/verein/3709/saison_id/2022,2,La Liga,Spain,https://tmssl.akamaized.net/images/logo/header/es1.png?lm=1557051003
52,Girona FC,https://tmssl.akamaized.net/images/wappen/tiny/12321.png?lm=1659464404,/fc-girona/startseite/verein/12321/saison_id/2022,2,La Liga,Spain,https://tmssl.akamaized.net/images/logo/header/es1.png?lm=1557051003
53,Granada CF,https://tmssl.akamaized.net/images/wappen/tiny/16795.png?lm=1620472393,/fc-granada/startseite/verein/16795/saison_id/2022,2,La Liga,Spain,https://tmssl.akamaized.net/images/logo/header/es1.png?lm=1557051003
54,RCD Mallorca,https://tmssl.akamaized.net/images/wappen/tiny/237.png?lm=1407484750,/rcd-mallorca/startseite/verein/237/saison_id/2022,2,La Liga,Spain,https://tmssl.akamaized.net/images/logo/header/es1.png?lm=1557051003
55,Rayo Vallecano,https://tmssl.akamaized.net/images/wappen/tiny/367.png?lm=1653488445,/rayo-vallecano/startseite/verein/367/saison_id/2022,2,La Liga,Spain,https://tmssl.akamaized.net/images/logo/header/es1.png?lm=1557051003
56,Real Betis Balompié,https://tmssl.akamaized.net/images/wappen/tiny/150.png?lm=1663358526,/real-betis-sevilla/startseite/verein/150/saison_id/2022,2,La Liga,Spain,https://tmssl.akamaized.net/images/logo/header/es1.png?lm=1557051003
57,Real Madrid,https://tmssl.akamaized.net/images/wappen/tiny/418.png?lm=1580722449,/real-madrid/startseite/verein/418/saison_id/2022,2,La Liga,Spain,https://tmssl.akamaized.net/images/logo/header/es1.png?lm=1557051003
58,Real Sociedad,https://tmssl.akamaized.net/images/wappen/tiny/681.png?lm=1614795530,/real-sociedad-san-sebastian/startseite/verein/681/saison_id/2022,2,La Liga,Spain,https://tmssl.akamaized.net/images/logo/header/es1.png?lm=1557051003
59,Sevilla FC,https://tmssl.akamaized.net/images/wappen/tiny/368.png?lm=1408655455,/fc-sevilla/startseite/verein/368/saison_id/2022,2,La Liga,Spain,https://tmssl.akamaized.net/images/logo/header/es1.png?lm=1557051003
60,UD Almería,https://tmssl.akamaized.net/images/wappen/tiny/3302.png?lm=1408654801,/ud-almeria/startseite/verein/3302/saison_id/2022,2,La Liga,Spain,https://tmssl.akamaized.net/images/logo/header/es1.png?lm=1557051003
61,UD Las Palmas,https://tmssl.akamaized.net/images/wappen/tiny/472.png?lm=1407484865,/ud-las-palmas/startseite/verein/472/saison_id/2022,2,La Liga,Spain,https://tmssl.akamaized.net/images/logo/header/es1.png?lm=1557051003
62,Valencia CF,https://tmssl.akamaized.net/images/wappen/tiny/1049.png?lm=1406966320,/fc-valencia/startseite/verein/1049/saison_id/2022,2,La Liga,Spain,https://tmssl.akamaized.net/images/logo/header/es1.png?lm=1557051003
63,Villarreal CF,https://tmssl.akamaized.net/images/wappen/tiny/1050.png?lm=1408655310,/fc-villarreal/startseite/verein/1050/saison_id/2022,2,La Liga,Spain,https://tmssl.akamaized.net/images/logo/header/es1.png?lm=1557051003
64,1.FC Heidenheim 1846,https://tmssl.akamaized.net/images/wappen/tiny/2036.png?lm=1685457789,/1-fc-heidenheim-1846/startseite/verein/2036/saison_id/2022,3,Bundesliga,Germany,https://tmssl.akamaized.net/images/logo/header/l1.png?lm=1525905518
65,1.FC Köln,https://tmssl.akamaized.net/images/wappen/tiny/3.png?lm=1656580823,/1-fc-koln/startseite/verein/3/saison_id/2022,3,Bundesliga,Germany,https://tmssl.akamaized.net/images/logo/header/l1.png?lm=1525905518
66,1.FC Union Berlin,https://tmssl.akamaized.net/images/wappen/tiny/89.png?lm=1402956210,/1-fc-union-berlin/startseite/verein/89/saison_id/2022,3,Bundesliga,Germany,https://tmssl.akamaized.net/images/logo/header/l1.png?lm=1525905518
67,1.FSV Mainz 05,https://tmssl.akamaized.net/images/wappen/tiny/39.png?lm=1564748880,/1-fsv-mainz-05/startseite/verein/39/saison_id/2022,3,Bundesliga,Germany,https://tmssl.akamaized.net/images/logo/header/l1.png?lm=1525905518
68,Bayer 04 Leverkusen,https://tmssl.akamaized.net/images/wappen/tiny/15.png?lm=1651221781,/bayer-04-leverkusen/startseite/verein/15/saison_id/2022,3,Bundesliga,Germany,https://tmssl.akamaized.net/images/logo/header/l1.png?lm=1525905518
69,Bayern Munich,https://tmssl.akamaized.net/images/wappen/tiny/27.png?lm=1498251238,/fc-bayern-munchen/startseite/verein/27/saison_id/2022,3,Bundesliga,Germany,https://tmssl.akamaized.net/images/logo/header/l1.png?lm=1525905518
70,Borussia Dortmund,https://tmssl.akamaized.net/images/wappen/tiny/16.png?lm=1396275280,/borussia-dortmund/startseite/verein/16/saison_id/2022,3,Bundesliga,Germany,https://tmssl.akamaized.net/images/logo/header/l1.png?lm=1525905518
71,Borussia Mönchengladbach,https://tmssl.akamaized.net/images/wappen/tiny/18.png?lm=1656585796,/borussia-monchengladbach/startseite/verein/18/saison_id/2022,3,Bundesliga,Germany,https://tmssl.akamaized.net/images/logo/header/l1.png?lm=1525905518
72,Eintracht Frankfurt,https://tmssl.akamaized.net/images/wappen/tiny/24.png?lm=1403806187,/eintracht-frankfurt/startseite/verein/24/saison_id/2022,3,Bundesliga,Germany,https://tmssl.akamaized.net/images/logo/header/l1.png?lm=1525905518
73,FC Augsburg,https://tmssl.akamaized.net/images/wappen/tiny/167.png?lm=1656582897,/fc-augsburg/startseite/verein/167/saison_id/2022,3,Bundesliga,Germany,https://tmssl.akamaized.net/images/logo/header/l1.png?lm=1525905518
74,RB Leipzig,https://tmssl.akamaized.net/images/wappen/tiny/23826.png?lm=1619431624,/rasenballsport-leipzig/startseite/verein/23826/saison_id/2022,3,Bundesliga,Germany,https://tmssl.akamaized.net/images/logo/header/l1.png?lm=1525905518
75,SC Freiburg,https://tmssl.akamaized.net/images/wappen/tiny/60.png?lm=1517249279,/sc-freiburg/startseite/verein/60/saison_id/2022,3,Bundesliga,Germany,https://tmssl.akamaized.net/images/logo/header/l1.png?lm=1525905518
76,SV Darmstadt 98,https://tmssl.akamaized.net/images/wappen/tiny/105.png?lm=1501493517,/sv-darmstadt-98/startseite/verein/105/saison_id/2022,3,Bundesliga,Germany,https://tmssl.akamaized.net/images/logo/header/l1.png?lm=1525905518
77,SV Werder Bremen,https://tmssl.akamaized.net/images/wappen/tiny/86.png?lm=1403082298,/sv-werder-bremen/startseite/verein/86/saison_id/2022,3,Bundesliga,Germany,https://tmssl.akamaized.net/images/logo/header/l1.png?lm=1525905518
78,TSG 1899 Hoffenheim,https://tmssl.akamaized.net/images/wappen/tiny/533.png?lm=1675591766,/tsg-1899-hoffenheim/startseite/verein/533/saison_id/2022,3,Bundesliga,Germany,https://tmssl.akamaized.net/images/logo/header/l1.png?lm=1525905518
79,VfB Stuttgart,https://tmssl.akamaized.net/images/wappen/tiny/79.png?lm=1680587427,/vfb-stuttgart/startseite/verein/79/saison_id/2022,3,Bundesliga,Germany,https://tmssl.akamaized.net/images/logo/header/l1.png?lm=1525905518
80,VfL Bochum,https://tmssl.akamaized.net/images/wappen/tiny/80.png?lm=1656583090,/vfl-bochum/startseite/verein/80/saison_id/2022,3,Bundesliga,Germany,https://tmssl.akamaized.net/images/logo/header/l1.png?lm=1525905518
81,VfL Wolfsburg,https://tmssl.akamaized.net/images/wappen/tiny/82.png?lm=1503060755,/vfl-wolfsburg/startseite/verein/82/saison_id/2022,3,Bundesliga,Germany,https://tmssl.akamaized.net/images/logo/header/l1.png?lm=1525905518
82,AC Milan,https://tmssl.akamaized.net/images/wappen/tiny/5.png?lm=1605166627,/ac-mailand/startseite/verein/5/saison_id/2022,4,Serie A,Italy,https://tmssl.akamaized.net/images/logo/header/it1.png?lm=1656073460
83,AC Monza,https://tmssl.akamaized.net/images/wappen/tiny/2919.png?lm=1562072734,/ac-monza/startseite/verein/2919/saison_id/2022,4,Serie A,Italy,https://tmssl.akamaized.net/images/logo/header/it1.png?lm=1656073460
84,ACF Fiorentina,https://tmssl.akamaized.net/images/wappen/tiny/430.png?lm=1656660160,/ac-florenz/startseite/verein/430/saison_id/2022,4,Serie A,Italy,https://tmssl.akamaized.net/images/logo/header/it1.png?lm=1656073460
85,AS Roma,https://tmssl.akamaized.net/images/wappen/tiny/12.png?lm=1533302889,/as-rom/startseite/verein/12/saison_id/2022,4,Serie A,Italy,https://tmssl.akamaized.net/images/logo/header/it1.png?lm=1656073460
86,Atalanta BC,https://tmssl.akamaized.net/images/wappen/tiny/800.png?lm=1438547428,/atalanta-bergamo/startseite/verein/800/saison_id/2022,4,Serie A,Italy,https://tmssl.akamaized.net/images/logo/header/it1.png?lm=1656073460
87,Bologna FC 1909,https://tmssl.akamaized.net/images/wappen/tiny/1025.png?lm=1626441324,/fc-bologna/startseite/verein/1025/saison_id/2022,4,Serie A,Italy,https://tmssl.akamaized.net/images/logo/header/it1.png?lm=1656073460
88,Cagliari Calcio,https://tmssl.akamaized.net/images/wappen/tiny/1390.png?lm=1626441409,/cagliari-calcio/startseite/verein/1390/saison_id/2022,4,Serie A,Italy,https://tmssl.akamaized.net/images/logo/header/it1.png?lm=1656073460
89,FC Empoli,https://tmssl.akamaized.net/images/wappen/tiny/749.png?lm=1626441481,/fc-empoli/startseite/verein/749/saison_id/2022,4,Serie A,Italy,https://tmssl.akamaized.net/images/logo/header/it1.png?lm=1656073460
90,Frosinone Calcio,https://tmssl.akamaized.net/images/wappen/tiny/8970.png?lm=1438547543,/frosinone-calcio/startseite/verein/8970/saison_id/2022,4,Serie A,Italy,https://tmssl.akamaized.net/images/logo/header/it1.png?lm=1656073460
91,Genoa CFC,https://tmssl.akamaized.net/images/wappen/tiny/252.png?lm=1655305880,/genua-cfc/startseite/verein/252/saison_id/2022,4,Serie A,Italy,https://tmssl.akamaized.net/images/logo/header/it1.png?lm=1656073460
92,Hellas Verona,https://tmssl.akamaized.net/images/wappen/tiny/276.png?lm=1617228746,/hellas-verona/startseite/verein/276/saison_id/2022,4,Serie A,Italy,https://tmssl.akamaized.net/images/logo/header/it1.png?lm=1656073460
93,Inter Milan,https://tmssl.akamaized.net/images/wappen/tiny/46.png?lm=1618900989,/inter-mailand/startseite/verein/46/saison_id/2022,4,Serie A,Italy,https://tmssl.akamaized.net/images/logo/header/it1.png?lm=1656073460
94,Juventus FC,https://tmssl.akamaized.net/images/wappen/tiny/506.png?lm=1626441487,/juventus-turin/startseite/verein/506/saison_id/2022,4,Serie A,Italy,https://tmssl.akamaized.net/images/logo/header/it1.png?lm=1656073460
95,SS Lazio,https://tmssl.akamaized.net/images/wappen/tiny/398.png?lm=1601537785,/lazio-rom/startseite/verein/398/saison_id/2022,4,Serie A,Italy,https://tmssl.akamaized.net/images/logo/header/it1.png?lm=1656073460
96,SSC Napoli,https://tmssl.akamaized.net/images/wappen/tiny/6195.png?lm=1437135876,/ssc-neapel/startseite/verein/6195/saison_id/2022,4,Serie A,Italy,https://tmssl.akamaized.net/images/logo/header/it1.png?lm=1656073460
97,Torino FC,https://tmssl.akamaized.net/images/wappen/tiny/416.png?lm=1438548174,/fc-turin/startseite/verein/416/saison_id/2022,4,Serie A,Italy,https://tmssl.akamaized.net/images/logo/header/it1.png?lm=1656073460
98,US Lecce,https://tmssl.akamaized.net/images/wappen/tiny/1005.png?lm=1417104356,/us-lecce/startseite/verein/1005/saison_id/2022,4,Serie A,Italy,https://tmssl.akamaized.net/images/logo/header/it1.png?lm=1656073460
99,US Salernitana 1919,https://tmssl.akamaized.net/images/wappen/tiny/380.png?lm=1601390035,/us-salernitana-1919/startseite/verein/380/saison_id/2022,4,Serie A,Italy,https://tmssl.akamaized.net/images/logo/header/it1.png?lm=1656073460
100,US Sassuolo,https://tmssl.akamaized.net/images/wappen/tiny/6574.png?lm=1601389908,/us-sassuolo/startseite/verein/6574/saison_id/2022,4,Serie A,Italy,https://tmssl.akamaized.net/images/logo/header/it1.png?lm=1656073460
101,Udinese Calcio,https://tmssl.akamaized.net/images/wappen/tiny/410.png?lm=1437136398,/udinese-calcio/startseite/verein/410/saison_id/2022,4,Serie A,Italy,https://tmssl.akamaized.net/images/logo/header/it1.png?lm=1656073460
102,AS Monaco,https://tmssl.akamaized.net/images/wappen/tiny/162.png?lm=1654781919,/as-monaco/startseite/verein/162/saison_id/2022,5,Ligue One,France,https://tmssl.akamaized.net/images/logo/header/fr1.png?lm=1648360140
103,Clermont Foot 63,https://tmssl.akamaized.net/images/wappen/tiny/3524.png?lm=1625739356,/clermont-foot-63/startseite/verein/3524/saison_id/2022,5,Ligue One,France,https://tmssl.akamaized.net/images/logo/header/fr1.png?lm=1648360140
104,FC Lorient,https://tmssl.akamaized.net/images/wappen/tiny/1158.png?lm=1406642498,/fc-lorient/startseite/verein/1158/saison_id/2022,5,Ligue One,France,https://tmssl.akamaized.net/images/logo/header/fr1.png?lm=1648360140
105,FC Metz,https://tmssl.akamaized.net/images/wappen/tiny/347.png?lm=1625391843,/fc-metz/startseite/verein/347/saison_id/2022,5,Ligue One,France,https://tmssl.akamaized.net/images/logo/header/fr1.png?lm=1648360140
106,FC Nantes,https://tmssl.akamaized.net/images/wappen/tiny/995.png?lm=1581355747,/fc-nantes/startseite/verein/995/saison_id/2022,5,Ligue One,France,https://tmssl.akamaized.net/images/logo/header/fr1.png?lm=1648360140
107,FC Toulouse,https://tmssl.akamaized.net/images/wappen/tiny/415.png?lm=1530117274,/fc-toulouse/startseite/verein/415/saison_id/2022,5,Ligue One,France,https://tmssl.akamaized.net/images/logo/header/fr1.png?lm=1648360140
108,LOSC Lille,https://tmssl.akamaized.net/images/wappen/tiny/1082.png?lm=1529521041,/losc-lille/startseite/verein/1082/saison_id/2022,5,Ligue One,France,https://tmssl.akamaized.net/images/logo/header/fr1.png?lm=1648360140
109,Le Havre AC,https://tmssl.akamaized.net/images/wappen/tiny/738.png?lm=1408780648,/ac-le-havre/startseite/verein/738/saison_id/2022,5,Ligue One,France,https://tmssl.akamaized.net/images/logo/header/fr1.png?lm=1648360140
110,Montpellier HSC,https://tmssl.akamaized.net/images/wappen/tiny/969.png?lm=1459072367,/montpellier-hsc/startseite/verein/969/saison_id/2022,5,Ligue One,France,https://tmssl.akamaized.net/images/logo/header/fr1.png?lm=1648360140
111,OGC Nice,https://tmssl.akamaized.net/images/wappen/tiny/417.png?lm=1408779490,/ogc-nizza/startseite/verein/417/saison_id/2022,5,Ligue One,France,https://tmssl.akamaized.net/images/logo/header/fr1.png?lm=1648360140
112,Olympique Lyon,https://tmssl.akamaized.net/images/wappen/tiny/1041.png?lm=1656668172,/olympique-lyon/startseite/verein/1041/saison_id/2022,5,Ligue One,France,https://tmssl.akamaized.net/images/logo/header/fr1.png?lm=1648360140
113,Olympique Marseille,https://tmssl.akamaized.net/images/wappen/tiny/244.png?lm=1485642163,/olympique-marseille/startseite/verein/244/saison_id/2022,5,Ligue One,France,https://tmssl.akamaized.net/images/logo/header/fr1.png?lm=1648360140
114,Paris Saint-Germain,https://tmssl.akamaized.net/images/wappen/tiny/583.png?lm=1522312728,/fc-paris-saint-germain/startseite/verein/583/saison_id/2022,5,Ligue One,France,https://tmssl.akamaized.net/images/logo/header/fr1.png?lm=1648360140
115,RC Lens,https://tmssl.akamaized.net/images/wappen/tiny/826.png?lm=1595457059,/rc-lens/startseite/verein/826/saison_id/2022,5,Ligue One,France,https://tmssl.akamaized.net/images/logo/header/fr1.png?lm=1648360140
116,RC Strasbourg Alsace,https://tmssl.akamaized.net/images/wappen/tiny/667.png?lm=1664991833,/rc-strassburg-alsace/startseite/verein/667/saison_id/2022,5,Ligue One,France,https://tmssl.akamaized.net/images/logo/header/fr1.png?lm=1648360140
117,Stade Brestois 29,https://tmssl.akamaized.net/images/wappen/tiny/3911.png?lm=1408780312,/stade-brest-29/startseite/verein/3911/saison_id/2022,5,Ligue One,France,https://tmssl.akamaized.net/images/logo/header/fr1.png?lm=1648360140
118,Stade Reims,https://tmssl.akamaized.net/images/wappen/tiny/1421.png?lm=1592601839,/stade-reims/startseite/verein/1421/saison_id/2022,5,Ligue One,France,https://tmssl.akamaized.net/images/logo/header/fr1.png?lm=1648360140
119,Stade Rennais FC,https://tmssl.akamaized.net/images/wappen/tiny/273.png?lm=1408779098,/fc-stade-rennes/startseite/verein/273/saison_id/2022,5,Ligue One,France,https://tmssl.akamaized.net/images/logo/header/fr1.png?lm=1648360140
120,Boavista FC,https://tmssl.akamaized.net/images/wappen/tiny/2503.png?lm=1480959207,/boavista-porto-fc/startseite/verein/2503/saison_id/2022,6,Liga Portugal,Portugal,https://tmssl.akamaized.net/images/logo/header/po1.png?lm=1626110146
121,CF Estrela Amadora SAD,https://tmssl.akamaized.net/images/wappen/tiny/2431.png?lm=1598342709,/cf-estrela-amadora-sad/startseite/verein/2431/saison_id/2022,6,Liga Portugal,Portugal,https://tmssl.akamaized.net/images/logo/header/po1.png?lm=1626110146
122,Casa Pia AC,https://tmssl.akamaized.net/images/wappen/tiny/3268.png?lm=1663076157,/casa-pia-ac/startseite/verein/3268/saison_id/2022,6,Liga Portugal,Portugal,https://tmssl.akamaized.net/images/logo/header/po1.png?lm=1626110146
123,FC Arouca,https://tmssl.akamaized.net/images/wappen/tiny/8024.png?lm=1530096604,/fc-arouca/startseite/verein/8024/saison_id/2022,6,Liga Portugal,Portugal,https://tmssl.akamaized.net/images/logo/header/po1.png?lm=1626110146
124,FC Famalicão,https://tmssl.akamaized.net/images/wappen/tiny/3329.png?lm=1565881258,/fc-famalicao/startseite/verein/3329/saison_id/2022,6,Liga Portugal,Portugal,https://tmssl.akamaized.net/images/logo/header/po1.png?lm=1626110146
125,FC Porto,https://tmssl.akamaized.net/images/wappen/tiny/720.png?lm=1486310161,/fc-porto/startseite/verein/720/saison_id/2022,6,Liga Portugal,Portugal,https://tmssl.akamaized.net/images/logo/header/po1.png?lm=1626110146
126,FC Vizela,https://tmssl.akamaized.net/images/wappen/tiny/6912.png?lm=1662237514,/fc-vizela/startseite/verein/6912/saison_id/2022,6,Liga Portugal,Portugal,https://tmssl.akamaized.net/images/logo/header/po1.png?lm=1626110146
127,GD Chaves,https://tmssl.akamaized.net/images/wappen/tiny/3325.png?lm=1416392512,/gd-chaves/startseite/verein/3325/saison_id/2022,6,Liga Portugal,Portugal,https://tmssl.akamaized.net/images/logo/header/po1.png?lm=1626110146
128,GD Estoril Praia,https://tmssl.akamaized.net/images/wappen/tiny/1465.png?lm=1534340702,/gd-estoril-praia/startseite/verein/1465/saison_id/2022,6,Liga Portugal,Portugal,https://tmssl.akamaized.net/images/logo/header/po1.png?lm=1626110146
129,Gil Vicente FC,https://tmssl.akamaized.net/images/wappen/tiny/2424.png?lm=1624283300,/gil-vicente-fc/startseite/verein/2424/saison_id/2022,6,Liga Portugal,Portugal,https://tmssl.akamaized.net/images/logo/header/po1.png?lm=1626110146
130,Moreirense FC,https://tmssl.akamaized.net/images/wappen/tiny/979.png?lm=1552324606,/moreirense-fc/startseite/verein/979/saison_id/2022,6,Liga Portugal,Portugal,https://tmssl.akamaized.net/images/logo/header/po1.png?lm=1626110146
131,Portimonense SC,https://tmssl.akamaized.net/images/wappen/tiny/7378.png?lm=1665922885,/portimonense-sc/startseite/verein/7378/saison_id/2022,6,Liga Portugal,Portugal,https://tmssl.akamaized.net/images/logo/header/po1.png?lm=1626110146
132,Rio Ave FC,https://tmssl.akamaized.net/images/wappen/tiny/2425.png?lm=1516613968,/rio-ave-fc/startseite/verein/2425/saison_id/2022,6,Liga Portugal,Portugal,https://tmssl.akamaized.net/images/logo/header/po1.png?lm=1626110146
133,SC Braga,https://tmssl.akamaized.net/images/wappen/tiny/1075.png?lm=1432893871,/sc-braga/startseite/verein/1075/saison_id/2022,6,Liga Portugal,Portugal,https://tmssl.akamaized.net/images/logo/header/po1.png?lm=1626110146
134,SC Farense,https://tmssl.akamaized.net/images/wappen/tiny/4294.png?lm=1550150253,/sc-farense/startseite/verein/4294/saison_id/2022,6,Liga Portugal,Portugal,https://tmssl.akamaized.net/images/logo/header/po1.png?lm=1626110146
135,SL Benfica,https://tmssl.akamaized.net/images/wappen/tiny/294.png?lm=1535908439,/benfica-lissabon/startseite/verein/294/saison_id/2022,6,Liga Portugal,Portugal,https://tmssl.akamaized.net/images/logo/header/po1.png?lm=1626110146
136,Sporting CP,https://tmssl.akamaized.net/images/wappen/tiny/336.png?lm=1621513752,/sporting-lissabon/startseite/verein/336/saison_id/2022,6,Liga Portugal,Portugal,https://tmssl.akamaized.net/images/logo/header/po1.png?lm=1626110146
137,Vitória Guimarães SC,https://tmssl.akamaized.net/images/wappen/tiny/2420.png?lm=1432894021,/vitoria-guimaraes-sc/startseite/verein/2420/saison_id/2022,6,Liga Portugal,Portugal,https://tmssl.akamaized.net/images/logo/header/po1.png?lm=1626110146
138,AZ Alkmaar,https://tmssl.akamaized.net/images/wappen/tiny/1090.png?lm=1586848339,/az-alkmaar/startseite/verein/1090/saison_id/2022,7,Eredivisie,Netherlands,https://tmssl.akamaized.net/images/logo/header/nl1.png?lm=1674743474
139,Ajax Amsterdam,https://tmssl.akamaized.net/images/wappen/tiny/610.png?lm=1657054414,/ajax-amsterdam/startseite/verein/610/saison_id/2022,7,Eredivisie,Netherlands,https://tmssl.akamaized.net/images/logo/header/nl1.png?lm=1674743474
140,Almere City FC,https://tmssl.akamaized.net/images/wappen/tiny/723.png?lm=1588851577,/almere-city-fc/startseite/verein/723/saison_id/2022,7,Eredivisie,Netherlands,https://tmssl.akamaized.net/images/logo/header/nl1.png?lm=1674743474
141,Excelsior Rotterdam,https://tmssl.akamaized.net/images/wappen/tiny/798.png?lm=1626701001,/sbv-excelsior-rotterdam/startseite/verein/798/saison_id/2022,7,Eredivisie,Netherlands,https://tmssl.akamaized.net/images/logo/header/nl1.png?lm=1674743474
142,FC Utrecht,https://tmssl.akamaized.net/images/wappen/tiny/200.png?lm=1628450351,/fc-utrecht/startseite/verein/200/saison_id/2022,7,Eredivisie,Netherlands,https://tmssl.akamaized.net/images/logo/header/nl1.png?lm=1674743474
143,FC Volendam,https://tmssl.akamaized.net/images/wappen/tiny/724.png?lm=1407649576,/fc-volendam/startseite/verein/724/saison_id/2022,7,Eredivisie,Netherlands,https://tmssl.akamaized.net/images/logo/header/nl1.png?lm=1674743474
144,Feyenoord Rotterdam,https://tmssl.akamaized.net/images/wappen/tiny/234.png?lm=1457643518,/feyenoord-rotterdam/startseite/verein/234/saison_id/2022,7,Eredivisie,Netherlands,https://tmssl.akamaized.net/images/logo/header/nl1.png?lm=1674743474
145,Fortuna Sittard,https://tmssl.akamaized.net/images/wappen/tiny/385.png?lm=1610789891,/fortuna-sittard/startseite/verein/385/saison_id/2022,7,Eredivisie,Netherlands,https://tmssl.akamaized.net/images/logo/header/nl1.png?lm=1674743474
146,Go Ahead Eagles,https://tmssl.akamaized.net/images/wappen/tiny/1435.png?lm=1540316767,/go-ahead-eagles-deventer/startseite/verein/1435/saison_id/2022,7,Eredivisie,Netherlands,https://tmssl.akamaized.net/images/logo/header/nl1.png?lm=1674743474
147,Heracles Almelo,https://tmssl.akamaized.net/images/wappen/tiny/1304.png?lm=1488213735,/heracles-almelo/startseite/verein/1304/saison_id/2022,7,Eredivisie,Netherlands,https://tmssl.akamaized.net/images/logo/header/nl1.png?lm=1674743474
148,NEC Nijmegen,https://tmssl.akamaized.net/images/wappen/tiny/467.png?lm=1460302949,/nec-nijmegen/startseite/verein/467/saison_id/2022,7,Eredivisie,Netherlands,https://tmssl.akamaized.net/images/logo/header/nl1.png?lm=1674743474
149,PEC Zwolle,https://tmssl.akamaized.net/images/wappen/tiny/1269.png?lm=1610790473,/pec-zwolle/startseite/verein/1269/saison_id/2022,7,Eredivisie,Netherlands,https://tmssl.akamaized.net/images/logo/header/nl1.png?lm=1674743474
150,PSV Eindhoven,https://tmssl.akamaized.net/images/wappen/tiny/383.png?lm=1682925949,/psv-eindhoven/startseite/verein/383/saison_id/2022,7,Eredivisie,Netherlands,https://tmssl.akamaized.net/images/logo/header/nl1.png?lm=1674743474
151,RKC Waalwijk,https://tmssl.akamaized.net/images/wappen/tiny/235.png?lm=1435505083,/rkc-waalwijk/startseite/verein/235/saison_id/2022,7,Eredivisie,Netherlands,https://tmssl.akamaized.net/images/logo/header/nl1.png?lm=1674743474
152,SC Heerenveen,https://tmssl.akamaized.net/images/wappen/tiny/306.png?lm=1655978084,/sc-heerenveen/startseite/verein/306/saison_id/2022,7,Eredivisie,Netherlands,https://tmssl.akamaized.net/images/logo/header/nl1.png?lm=1674743474
153,Sparta Rotterdam,https://tmssl.akamaized.net/images/wappen/tiny/468.png?lm=1485262132,/sparta-rotterdam/startseite/verein/468/saison_id/2022,7,Eredivisie,Netherlands,https://tmssl.akamaized.net/images/logo/header/nl1.png?lm=1674743474
154,Twente Enschede FC,https://tmssl.akamaized.net/images/wappen/tiny/317.png?lm=1610789581,/fc-twente-enschede/startseite/verein/317/saison_id/2022,7,Eredivisie,Netherlands,https://tmssl.akamaized.net/images/logo/header/nl1.png?lm=1674743474
155,Vitesse Arnhem,https://tmssl.akamaized.net/images/wappen/tiny/499.png?lm=1679396090,/vitesse-arnheim/startseite/verein/499/saison_id/2022,7,Eredivisie,Netherlands,https://tmssl.akamaized.net/images/logo/header/nl1.png?lm=1674743474
